{
    "cpu" : [
    {
        "targetLevel" : 0,
        "targetProb"  : [0.9,   0.8,    0.7,    0.6,    0.5,    0.4,    0.35,    0.3,       0.25,       0.2,        0.15,       0.1,        0.07,       0.05,       0.03,       0.02,       0.01,       0.007,      0.004,      0.002,      0.001,      0.0005,         0.0001,         0.00001],
        "targetBonus" : [0.1,   0.1,    0.1,    0.1,    0.1,    0.1,    0.1 ,    0.1,       0.1 ,       0.1,        0.1 ,       0.1,        0.1 ,       0.1 ,       0.1 ,       0.1 ,       0.1 ,       0.1  ,      0.1  ,      0.1  ,      0.1  ,      0.1   ,         0.1   ,         0.1    ],
        "targetCost"  : [1000,  5000,   10000,  50000,  100000, 500000, 1000000, 5000000,   10000000,   50000000,   100000000,  500000000,  1000000000, 5000000000, 10000000000,5000000000, 5000000000, 5000000000, 5000000000, 5000000000, 5000000000, 5000000000,     5000000000,     5000000000] 
    },
    {
        "targetLevel" : 1,
        "targetProb"  : [0.9,   0.8,    0.7,    0.6,    0.5,    0.4,    0.35,    0.3,       0.25,       0.2,        0.15,       0.1,        0.07,       0.05,       0.03,       0.02,       0.01,       0.007,      0.004,      0.002,      0.001,      0.0005,         0.0001,         0.00001],
        "targetBonus" : [0.1,   0.1,    0.1,    0.1,    0.1,    0.1,    0.1 ,    0.1,       0.1 ,       0.1,        0.1 ,       0.1,        0.1 ,       0.1 ,       0.1 ,       0.1 ,       0.1 ,       0.1  ,      0.1  ,      0.1  ,      0.1  ,      0.1   ,         0.1   ,         0.1    ],
        "targetCost"  : [1000,  5000,   10000,  50000,  100000, 500000, 1000000, 5000000,   10000000,   50000000,   100000000,  500000000,  1000000000, 5000000000, 10000000000,5000000000, 5000000000, 5000000000, 5000000000, 5000000000, 5000000000, 5000000000,     5000000000,     5000000000] 
    },
    {
        "targetLevel" : 2,
        "targetProb"  : [0.9,   0.8,    0.7,    0.6,    0.5,    0.4,    0.35,    0.3,       0.25,       0.2,        0.15,       0.1,        0.07,       0.05,       0.03,       0.02,       0.01,       0.007,      0.004,      0.002,      0.001,      0.0005,         0.0001,         0.00001],
        "targetBonus" : [0.1,   0.1,    0.1,    0.1,    0.1,    0.1,    0.1 ,    0.1,       0.1 ,       0.1,        0.1 ,       0.1,        0.1 ,       0.1 ,       0.1 ,       0.1 ,       0.1 ,       0.1  ,      0.1  ,      0.1  ,      0.1  ,      0.1   ,         0.1   ,         0.1    ],
        "targetCost"  : [1000,  5000,   10000,  50000,  100000, 500000, 1000000, 5000000,   10000000,   50000000,   100000000,  500000000,  1000000000, 5000000000, 10000000000,5000000000, 5000000000, 5000000000, 5000000000, 5000000000, 5000000000, 5000000000,     5000000000,     5000000000] 
    },
    {
        "targetLevel" : 3,
        "targetProb"  : [0.9,   0.8,    0.7,    0.6,    0.5,    0.4,    0.35,    0.3,       0.25,       0.2,        0.15,       0.1,        0.07,       0.05,       0.03,       0.02,       0.01,       0.007,      0.004,      0.002,      0.001,      0.0005,         0.0001,         0.00001],
        "targetBonus" : [0.1,   0.1,    0.1,    0.1,    0.1,    0.1,    0.1 ,    0.1,       0.1 ,       0.1,        0.1 ,       0.1,        0.1 ,       0.1 ,       0.1 ,       0.1 ,       0.1 ,       0.1  ,      0.1  ,      0.1  ,      0.1  ,      0.1   ,         0.1   ,         0.1    ],
        "targetCost"  : [1000,  5000,   10000,  50000,  100000, 500000, 1000000, 5000000,   10000000,   50000000,   100000000,  500000000,  1000000000, 5000000000, 10000000000,5000000000, 5000000000, 5000000000, 5000000000, 5000000000, 5000000000, 5000000000,     5000000000,     5000000000] 
    },
    {
        "targetLevel" : 4,
        "targetProb"  : [0.9,   0.8,    0.7,    0.6,    0.5,    0.4,    0.35,    0.3,       0.25,       0.2,        0.15,       0.1,        0.07,       0.05,       0.03,       0.02,       0.01,       0.007,      0.004,      0.002,      0.001,      0.0005,         0.0001,         0.00001],
        "targetBonus" : [0.1,   0.1,    0.1,    0.1,    0.1,    0.1,    0.1 ,    0.1,       0.1 ,       0.1,        0.1 ,       0.1,        0.1 ,       0.1 ,       0.1 ,       0.1 ,       0.1 ,       0.1  ,      0.1  ,      0.1  ,      0.1  ,      0.1   ,         0.1   ,         0.1    ],
        "targetCost"  : [1000,  5000,   10000,  50000,  100000, 500000, 1000000, 5000000,   10000000,   50000000,   100000000,  500000000,  1000000000, 5000000000, 10000000000,5000000000, 5000000000, 5000000000, 5000000000, 5000000000, 5000000000, 5000000000,     5000000000,     5000000000] 
    }],

    "vga" : [
        {
            "targetLevel" : 0,
            "targetProb"  : [0.9,   0.8,    0.7,    0.6,    0.5,    0.4,    0.35,    0.3,       0.25,       0.2,        0.15,       0.1,        0.07,       0.05,       0.03,       0.02,       0.01,       0.007,      0.004,      0.002,      0.001,      0.0005,         0.0001,         0.00001],
            "targetBonus" : [0.1,   0.1,    0.1,    0.1,    0.1,    0.1,    0.1 ,    0.1,       0.1 ,       0.1,        0.1 ,       0.1,        0.1 ,       0.1 ,       0.1 ,       0.1 ,       0.1 ,       0.1  ,      0.1  ,      0.1  ,      0.1  ,      0.1   ,         0.1   ,         0.1    ],
            "targetCost"  : [1000,  5000,   10000,  50000,  100000, 500000, 1000000, 5000000,   10000000,   50000000,   100000000,  500000000,  1000000000, 5000000000, 10000000000,5000000000, 5000000000, 5000000000, 5000000000, 5000000000, 5000000000, 5000000000,     5000000000,     5000000000] 
        },
        {
            "targetLevel" : 1,
            "targetProb"  : [0.9,   0.8,    0.7,    0.6,    0.5,    0.4,    0.35,    0.3,       0.25,       0.2,        0.15,       0.1,        0.07,       0.05,       0.03,       0.02,       0.01,       0.007,      0.004,      0.002,      0.001,      0.0005,         0.0001,         0.00001],
            "targetBonus" : [0.1,   0.1,    0.1,    0.1,    0.1,    0.1,    0.1 ,    0.1,       0.1 ,       0.1,        0.1 ,       0.1,        0.1 ,       0.1 ,       0.1 ,       0.1 ,       0.1 ,       0.1  ,      0.1  ,      0.1  ,      0.1  ,      0.1   ,         0.1   ,         0.1    ],
            "targetCost"  : [1000,  5000,   10000,  50000,  100000, 500000, 1000000, 5000000,   10000000,   50000000,   100000000,  500000000,  1000000000, 5000000000, 10000000000,5000000000, 5000000000, 5000000000, 5000000000, 5000000000, 5000000000, 5000000000,     5000000000,     5000000000] 
        },
        {
            "targetLevel" : 2,
            "targetProb"  : [0.9,   0.8,    0.7,    0.6,    0.5,    0.4,    0.35,    0.3,       0.25,       0.2,        0.15,       0.1,        0.07,       0.05,       0.03,       0.02,       0.01,       0.007,      0.004,      0.002,      0.001,      0.0005,         0.0001,         0.00001],
            "targetBonus" : [0.1,   0.1,    0.1,    0.1,    0.1,    0.1,    0.1 ,    0.1,       0.1 ,       0.1,        0.1 ,       0.1,        0.1 ,       0.1 ,       0.1 ,       0.1 ,       0.1 ,       0.1  ,      0.1  ,      0.1  ,      0.1  ,      0.1   ,         0.1   ,         0.1    ],
            "targetCost"  : [1000,  5000,   10000,  50000,  100000, 500000, 1000000, 5000000,   10000000,   50000000,   100000000,  500000000,  1000000000, 5000000000, 10000000000,5000000000, 5000000000, 5000000000, 5000000000, 5000000000, 5000000000, 5000000000,     5000000000,     5000000000] 
        },
        {
            "targetLevel" : 3,
            "targetProb"  : [0.9,   0.8,    0.7,    0.6,    0.5,    0.4,    0.35,    0.3,       0.25,       0.2,        0.15,       0.1,        0.07,       0.05,       0.03,       0.02,       0.01,       0.007,      0.004,      0.002,      0.001,      0.0005,         0.0001,         0.00001],